code,system
9NNE000,readv2
64R7.00,readv2
64R6.00,readv2
9NNE.00,readv2
8Hl9.00,readv2
8H7T.00,readv2
9N2W000,readv2
ZL78.11,readv2
9N2W.00,readv2
9N2W300,readv2
ZLDA.00,readv2
ZLBB.00,readv2
9N2W200,readv2
8HVi.00,readv2
9N2W100,readv2
9N1M.00,readv2
64R7.11,readv2
64R6.11,readv2
9N0T.00,readv2
ZL78.00,readv2
8HM9.00,readv2
8HlB.00,readv2
8H3Q.00,readv2
8H38.00,readv2
8HHn.00,readv2
6779,readv2
677A.00,readv2
ZL1B200,readv2
ZL62E00,readv2
8A21.00,readv2
7P22.00,readv2
ZL23100,readv2
ZL9D411,readv2
ZL1B600,readv2
ZL9D500,readv2
9bA..00,readv2
ZL5B200,readv2
9Nla000,readv2
9N2a.00,readv2
9bA2.00,readv2
7P22z00,readv2
ZL1B100,readv2
8CM2.00,readv2
8HK9.00,readv2
ZL9D300,readv2
8H34.00,readv2
ZL5B500,readv2
9NNM.00,readv2
7P22y00,readv2
8H4f.00,readv2
ZL1B500,readv2
9Nla.00,readv2
8HHR.00,readv2
8HlD.00,readv2
ZL22E00,readv2
8HL9.00,readv2
8H49.00,readv2
ZL1B.00,readv2
9NNQ.00,readv2
ZL1B300,readv2
9Nla100,readv2
ZL9D200,readv2
ZLA3100,readv2
ZL5B400,readv2
ZL5B111,readv2
ZL5B300,readv2
8HJ3.00,readv2
ZL5B100,readv2
9NN5.00,readv2
ZL5B.00,readv2
ZL9D100,readv2
9NlG.00,readv2
ZLA2E00,readv2
ZL1B411,readv2
ZL9D.00,readv2
8H4P.00,readv2
9bA3.00,readv2
ZL9D600,readv2
Z573.00,readv2
Z5C1.00,readv2
ZL34.00,readv2
9NlK.00,readv2
8GH..00,readv2
Z572.00,readv2
8G16.00,readv2
Z5A3400,readv2
9bA4.00,readv2
ZL77.00,readv2
ZLA2B00,readv2
Z5A3.00,readv2
Z5A3100,readv2
ZLBC.00,readv2
Z574.00,readv2
8G12.00,readv2
8G51.00,readv2
ZL62B00,readv2
ZL22B00,readv2
8HHT.00,readv2
Z5A5.00,readv2
9N0B.00,readv2
9No0.00,readv2
9Nk6.00,readv2
9N1yA00,readv2
8HTc.00,readv2
9NI6.00,readv2
9N1T.00,readv2
Z5A..11,readv2
Z5A..00,readv2
Z5A6200,readv2
Z5A5100,readv2
8A2..00,readv2
8A2Z.00,readv2
8H7A.00,readv2
8Hc..00,readv2
8H4D.00,readv2
8Hc0.00,readv2
9N6h.00,readv2
8Ce7.00,readv2
8H7B.00,readv2
8HHr.00,readv2
8Hc2.00,readv2
9N1H.00,readv2
8HBK.00,readv2
8HB8.00,readv2
8CM9.11,readv2
8CM9.00,readv2
8HLC.00,readv2
ZL1B400,readv2
8HKC.00,readv2
ZL9D400,readv2
ZL9D412,readv2
9bA5.00,readv2
ZL1B412,readv2
9N2r.00,readv2
8HHo.00,readv2
ZLD2e00,readv2
ZLF2300,readv2
ZLE9200,readv2
ZLF2311,readv2
ZLD7900,readv2
ZLD2b00,readv2
ZLD2f00,readv2
ZLD8100,readv2
ZLED.00,readv2
ZLDB.00,readv2
ZLE9100,readv2
8HgB.00,readv2
ZLD2e11,readv2
ZLE9511,readv2
8Hg9.00,readv2
ZLE9.00,readv2
ZLD7C00,readv2
ZLF2200,readv2
ZLD2g00,readv2
ZLD2e12,readv2
ZLE9512,readv2
ZLD2c00,readv2
ZLD2a00,readv2
ZLE9300,readv2
8HgY.00,readv2
8Hg7.00,readv2
ZLF2312,readv2
ZLE9500,readv2
ZLD1400,readv2
ZLE9400,readv2
ZLE9600,readv2
ZLD2d00,readv2
9NJc.00,readv2
9NJb.00,readv2
9NJd.00,readv2
69F..00,readv2
9N5G400,readv2
9Ng6.00,readv2
69FZ.00,readv2
9bA1.00,readv2
8HMC.00,readv2
8H23.00,readv2
8H2L.00,readv2
8Hc1.00,readv2
8CQ0.00,readv2
9N5F.00,readv2
8CQ..00,readv2
ZLB5.00,readv2
ZL31400,readv2
ZL73400,readv2
9239,readv2
8HkK.00,readv2
8CV3.00,readv2
8GA..00,readv2
9NSC.00,readv2
8HHs.00,readv2
Z522.00,readv2
8G10.00,readv2
8GG..00,readv2
Z571.00,readv2
9NS1.00,readv2
8Hj2.00,readv2
67X..00,readv2
ZV67300,readv2
ZV69000,readv2
ZV69.00,readv2
9N2v.00,readv2
8HHu.00,readv2
ZV69200,readv2
ZV69100,readv2
8CQ1.00,readv2
8CY..00,readv2
9N2q.00,readv2
8HHv.00,readv2
Z576100,readv2
Z576.00,readv2
Z576200,readv2
9bA0.00,readv2
9NlK000,readv2
9N2E200,readv2
8H2T.00,readv2
8H23000,readv2
8HVO.00,readv2
8HVS.00,readv2
ZV69211,readv2
ZV66300,readv2
ZV69111,readv2
9NN7.00,readv2
9NN7000,readv2
Z922.00,readv2
Z5A4.00,readv2
8G12000,readv2
8G13100,readv2
8G11.00,readv2
9N2z.00,readv2
9NN4.00,readv2
8T21.00,readv2
9NSA.00,readv2